15584052,Ruspine,Daphene,3/9/1967,75 Gateway Way,druspine0@unblog.fr,56472299,Cycle Ingenieur,1ere
99993482,Plowright,Delainey,8/5/1946,8607 Butterfield Street,dplowright1@princeton.edu,50113695,Cycle Ingenieur,2eme
89096131,Stirgess,Jimmie,17/9/1952,9 Nevada Way,jstirgess2@un.org,59859052,Cycle Ingenieur,1ere
34013398,Dalloway,Ivor,24/10/1975,9 Ridgeview Crossing,idalloway3@ameblo.jp,93075738,CPI,2eme
88899749,Wolverson,Mauricio,15/10/1915,0222 Grasskamp Avenue,mwolverson4@amazon.com,11746514,INFO,2eme
70375727,Watford,Javier,18/11/1903,5194 Sunnyside Road,jwatford5@taobao.com,15497893,INFO,1ere
10628299,Bourgourd,Mayer,28/1/1964,8 Hermina Drive,mbourgourd6@ovh.net,16296400,TIC,3eme
20444800,Humblestone,Josephina,4/3/1976,9 Mitchell Way,jhumblestone7@chron.com,70660638,EEA,3eme
77524644,Chatelot,Doyle,5/7/1903,1 Rusk Park,dchatelot8@globo.com,13659551,CPI,2eme
12699221,Gooddy,Gloriana,20/11/1920,3886 Center Center,ggooddy9@php.net,43967565,Cycle Ingenieur,1ere
80968110,Pentercost,Olenolin,2/5/1979,7905 Menomonie Drive,opentercosta@altervista.org,52816082,TIC,3eme
34510399,Wards,Wilhelmina,22/11/1904,107 Maple Lane,wwardsb@webmd.com,91949064,INFO,3eme
49987578,Salmons,Sylvan,20/6/1941,88 Dahle Road,ssalmonsc@listmanage.com,15950362,INFO,3eme
47993674,Hughill,Maressa,6/12/1979,2532 Leroy Court,mhughilld@domainmarket.com,61767379,CPI,1ere
35383462,McQuin,Jenna,1/9/1996,79 Anniversary Street,jmcquine@homestead.com,58982500,TIC,1ere
93735203,Divell,Mechelle,24/3/1968,590 Sachs Place,mdivellf@fda.gov,90664139,CPI,1ere
21364083,Foyster,Ahmad,14/9/1924,35 Cottonwood Center,afoysterg@wisc.edu,57394289,EEA,1ere
78074793,Siccombe,Ingram,11/9/1964,53 Columbus Drive,isiccombeh@163.com,22991665,INFO,1ere
20906640,Grimes,Blondell,22/1/1960,3397 Hayes Pass,bgrimesi@pen.io,76758092,CPI,2eme
68257344,Ditchburn,Ally,8/7/1953,23 Surrey Trail,aditchburnj@walmart.com,57356429,CPI,1ere
74304842,Newlove,Bernie,20/4/1950,4 Coleman Center,bnewlovek@sciencedirect.com,90118436,TIC,3eme
53763669,Willan,Sammie,15/1/1974,1 Nancy Avenue,swillanl@parallels.com,98044348,CPI,2eme
66813101,MacCoughen,Sherry,19/1/1944,7 Gulseth Way,smaccoughenm@ibm.com,62455032,CPI,1ere
38478719,Macknish,Dianemarie,25/8/1952,47 Ridgeway Circle,dmacknishn@friendfeed.com,56530630,EEA,3eme
82461732,Bourley,Rhiamon,21/7/1908,3 Fallview Hill,rbourleyo@mapquest.com,62241767,INFO,3eme
55000475,Rilings,Codie,17/3/1923,123 Bunker Hill Hill,crilingsp@google.de,94822641,Cycle Ingenieur,2eme
22599023,Santori,Sandro,27/9/1931,526 Browning Plaza,ssantoriq@stumbleupon.com,50979937,CPI,1ere
32910794,Rye,Irina,9/8/1986,41787 Paget Junction,iryer@dion.ne.jp,98658915,Cycle Ingenieur,3eme
68006249,Hutcheon,Marlon,3/7/1996,0 Miller Terrace,mhutcheons@stanford.edu,76887636,INFO,3eme
70807388,De Roberto,Mozes,15/5/1990,70 Bellgrove Park,mderobertot@opensource.org,62191177,Cycle Ingenieur,1ere
86724445,Ottam,Karisa,21/3/1932,181 Browning Avenue,kottamu@msn.com,54947794,Cycle Ingenieur,3eme
43797699,Cana,Tyson,1/2/1944,6901 Tennyson Lane,tcanav@nsw.gov.au,82942617,CPI,2eme
42917547,Bearn,Cammi,4/8/1949,2482 Roth Street,cbearnw@sciencedirect.com,64583656,EEA,2eme
21900989,Dew,Yanaton,18/9/1934,916 Dapin Junction,ydewx@tinyurl.com,77319611,INFO,1ere
27816606,Meneely,Leland,17/5/1909,194 East Junction,lmeneelyy@economist.com,73042323,TIC,1ere
89774291,Yushin,Anabal,14/6/1970,7 Banding Terrace,ayushinz@cargocollective.com,86353368,INFO,2eme
60164277,Clampton,Sandie,10/1/1914,91 Harbort Circle,sclampton10@shutterfly.com,57667363,CPI,2eme
27188121,Hurdwell,Davis,11/2/2002,4 Northwestern Place,dhurdwell11@hostgator.com,12573897,Cycle Ingenieur,2eme
86415191,Guerrero,Nona,22/10/1998,4208 Carberry Parkway,nguerrero12@squidoo.com,56567910,TIC,1ere
68472429,Sicily,Roberta,15/6/1964,90649 Crescent Oaks Crossing,rsicily13@posterous.com,83339889,Cycle Ingenieur,3eme
86097503,Ingliss,Haley,26/6/1977,55211 Elgar Hill,hingliss14@twitpic.com,70434003,Cycle Ingenieur,3eme
79821245,Reede,Demetris,20/10/1945,78 Eggendart Court,dreede15@angelfire.com,66753194,INFO,2eme
94905101,Marzelo,Brit,6/9/1960,71863 Swallow Alley,bmarzelo16@apache.org,63991863,Cycle Ingenieur,3eme
50295165,Urridge,Quillan,5/12/1995,8516 Texas Center,qurridge17@tiny.cc,87138837,CPI,1ere
61905202,Bruck,Bruce,1/6/1975,08 1st Circle,bbruck18@mtv.com,13993984,Cycle Ingenieur,1ere
65121195,Klimpt,Portie,24/10/1914,72355 Scofield Crossing,pklimpt19@squarespace.com,84420264,Cycle Ingenieur,2eme
19238309,Athridge,Randell,20/6/1949,212 Blaine Pass,rathridge1a@g.co,74442490,Cycle Ingenieur,1ere
24042367,Petegrew,Ellsworth,2/4/1988,06 Northview Parkway,epetegrew1b@vistaprint.com,90297840,EEA,3eme
72163391,Beushaw,Allister,14/12/1913,42 Graedel Place,abeushaw1c@phoca.cz,83220011,CPI,1ere
89677403,Fevier,Cynthia,1/9/1907,66291 Commercial Pass,cfevier1d@blog.com,70035288,CPI,2eme
